"FirstName","LastName","Email","Phone","Address","City","State","Zip","SSN","Birthday","CreditCard","CreditCardExpiration","CreditCardCVV","CreditCardType","Company","JobTitle"
"Angelo","Lindsey","angelo.lindsey@helplessenvious.com","740-887-3866","56625 Ujbo Ways","Newville","New Hampshire","90070","158-28-1853","10/30/1948","428307211770737","5/25/2023","838","Discover","Phillips LLC","Data architect"
"Shyla","Medina","shylafancy@delightfuldynamic.com","295-31-9959","922 Beufxespo Br","Ringoes","New York","2118","236-05-0533","8/3/1974","601123101421033","4/1/2024","615","Discover","Dyer-Woods","Insurance sales agent"
"Ellis","Best","ellis.best@yahoo.com","460-595-9307","11020 Oyqiyo Pines","Washington","Louisiana","90033","036-30-8115","5/3/2000","477150266368480","9/5/2022","007","Discover","Thompson Ltd","Kennel attendant"
"Clarence","Sawyer","clarence.sawyer@wide-eyedonerous.com","85-667-6157","9137 Xehyevnooy Wall","Ellicott City","Minnesota","15205","136-38-1850","11/20/1952","345752518658650","10/24/2026","307","Discover","Richards","Baxter and Norton"
"Xander","Rowland","xanderfamous@curiousgrubby.com","202-273-3287","3989 Yayufuragak Knls","Westmoreland","Hawaii","2122","883-46-5957","1/8/1998","521123604185416","11/11/2025","040","Discover","Haney Inc","Concierge"
"Cael","Leach","cael.leach@hotmail.com","104-616-318","840 Leqimusji Highway","Sevierville","North Dakota","32504","860-56-7777","11/10/2015","414640050273001","7/10/2026","855","Discover","Sosa PLC","Food scientist"
"Trenton","Blevins","trenton.blevins@hotmail.com","69-949-1706","223 Oxdo Av","Lynchburg","Oregon","33133","880-91-9498","6/16/2019","556166538660357","6/9/2021","281","Discover","Wong Inc","Safety engineer"
"Jayla","Fitzgerald","jaylastrong@sedatetan.com","783-964-4289","8287 Yeiv Plaza","Lewisburg","Montana","90044","833-10-1202","10/10/1945","523242001808223","5/24/2023","321","Discover","Mason-Johns","Healthcare"
"Johnathon","Knox","johnathon.knox@hotmail.com","740-163-5277","17467 Zodwaquwyo Shl","South Seaville","West Virginia","6111","580-53-8722","12/24/1975","376877525674181","6/7/2022","361","Discover","Jimenez PLC","Database manager"
"Destiney","Macias","destiney.macias@yahoo.com","909-78-478","6837 Deraut Valley","Hillsborough","Missouri","96801","747-22-9480","11/16/1963","548051384023036","5/27/2025","186","Discover","Liu Group","Education"
"Alissa","Anderson","alissa.anderson@worrisomeelite.com","103-908-1193","46 Ododdocda Cen","Copiague","Mississippi","90032","355-72-6354","7/30/1974","601182162812767","3/6/2024","061","Discover","Powers-Mullen","Business"
"Cesar","Hale","cesarselfish@bizarreritzy.com","13-798-4060","7264 Dojbe Div","Dunkirk","Michigan","90034","734-13-0580","11/2/2006","552488004864400","1/21/2023","774","Discover","Johns LLC","Marketing director"
"Melvin","Sparks","melvin.sparks@uglyscary.com","626-968-9070","666 Fikreaybu Highway","Lacona","Connecticut","90012","252-97-2628","7/14/1963","540332520526622","10/20/2021","176","Discover","Hays-Wolfe","Team leader"
"Terrence","Bolton","terrencesuper@distinctrotten.com","137-650-972","40941 Jehefivgiphu Shls","Guayama","Georgia","70116","252-64-3534","12/28/1985","658367412857804","7/15/2022","783","Discover","Crawford-Pugh","Client services manager"
"Gauge","Salazar","gauge.salazar@wiseyellow.com","790-664-1448","4798 Kiiynumxi Lck","Hastings On Hudson","Tennessee","37211","440-07-2796","9/14/1991","372346042036023","1/12/2021","515","Discover","Beard LLC","Cost estimator"
"Jeremiah","Larson","jeremiah.larson@xyloidhellish.com","126-557-1457","152 Asdowurditub Ranch","Beach Haven","Hawaii","33168","850-20-3710","12/8/1951","543583614343027","4/5/2026","452","Discover","Bolton-Ryan","Investment banking analyst"
"Adan","Palmer","adan.palmer@yahoo.com","850-623-6541","870 Emeg Ramp","Ringoes","Idaho","67205","174-72-7865","4/18/2012","652377532075504","9/13/2023","587","Discover","Norton LLC","Human resources specialist"
"Marcel","Hendricks","marcelbreakable@agreeablehot.com","546-169-5739","9898 Nomiliy Brdge","West Milford","Wisconsin","97221","023-12-6887","7/23/1970","558850471057064","7/27/2020","080","Discover","Mercado PLC","IT manager"
"Mckenzie","Hester","mckenzie.hester@hotmail.com","675-899-6680","4398 Beajgipo Lks","Paterson","Louisiana","37221","216-42-5257","11/5/1973","533424810567847","5/19/2021","042","Discover","Jefferson","Anderson and Campos"
"Maren","Chung","marenmighty@rarepast.com","924-960-4859","7253 Wagax Knls","Doe Hill","Nebraska","85055","740-55-3074","12/25/1971","373780611777728","6/29/2022","500","Discover","Malone-Esparza","Veterinary ophthalmologis"
"Marcus","Olson","marcuscommon@unbiasedsubdued.com","669-552-9732","23187 Nofdolita Crossroad","Ocala","Utah","30362","796-17-3958","10/2/1987","553762140077041","9/20/2020","186","Discover","Davidson Ltd","Information security analyst"
"Jensen","Cline","jensen.cline@happyviolent.com","792-579-1358","94095 Nidajobyagoh Sqrs","Palmyra","Wisconsin","44179","627-21-4527","1/7/2004","513323754432854","6/27/2023","570","Discover","Dean-Yang","Human resources"
"Warren","Thompson","warrenwicked@boredcolorful.com","444-660-6625","376 Ehsiruc Parkways","Aberdeen","Mississippi","30327","661-19-7112","5/9/1951","558137406566216","7/27/2020","655","Discover","Tyler-Ramsey","Client services coordinator"
"Leandro","Rocha","leandro.rocha@ruddyattractive.com","586-994-2931","24962 Woyniqzemdusuc Dr","Riverhead","New Hampshire","30323","608-50-7281","6/6/1998","557154810548212","8/7/2026","148","Discover","Novak and Sons","Wildlife rehabilitator"
"Diya","Barber","diyashort@combativetense.com","667-62-2398","33841 Pasomotqitav Islands","Quentin","Delaware","6106","682-70-4008","1/27/1943","548866562257712","2/14/2023","457","Discover","Huff","Roy and Mccarthy"
"Aubrie","Pruitt","aubrie.pruitt@crowdedcold.com","5-197-7396","188 Ridebeusat Green","Clairfield","Michigan","33179","382-81-0922","9/30/2007","556161617256231","1/23/2025","120","Discover","Oneill-Cooley","Aerospace engineer"
"Kyla","Figueroa","kyla.figueroa@drabfull.com","700-941-1806","426 Dumiwcoq Dr","Isabela","Alaska","90027","723-59-2316","8/10/1988","536248181773817","3/10/2025","487","Discover","Bell LLC","Barber"
"Amina","Bonilla","aminarapid@awaregodly.com","30-747-6041","758 Alih Rd","Girard","Louisiana","85045","763-82-4529","7/17/1992","555572716132527","12/1/2023","746","Discover","Macias and Sons","Conservationist"
"Katherine","Grimes","katherine.grimes@phobichabitual.com","147-800-8097","25 Viwu Ferry","Bayamon","Wisconsin","60638","624-17-8389","1/11/1949","515006480070176","7/25/2020","803","Discover","Melendez","Ferrell and Burton"
"Dominique","Rose","dominiquecourageous@aciddebonair.com","727-907-6155","87681 Vivzocafjocez Ville","Bayboro","New Mexico","44160","096-45-3820","6/26/2001","374743832620144","11/16/2021","548","Discover","Boyle-Dodson","Virtual assistant"
"Chaz","Dawson","chazacid@defiantfuzzy.com","392-957-7597","2843 Izjere Mall","Eleanor","Georgia","44131","779-65-0391","7/25/1996","374055766887422","2/14/2021","713","Discover","Avila","Tanner and Gregory"
"Baylee","Craig","baylee.craig@abnormalordinary.com","132-674-9308","747 Ikjoopye Mntns","Mc Kenzie","North Carolina","90017","135-09-0308","6/19/1981","524514818508000","4/7/2021","870","Discover","Walker-Dennis","Brand manager"
"Justine","Adams","justinecheap@abjectbrave.com","158-362-8341","104 Kisduhut Cor","Plymouth","Missouri","44168","551-79-6385","12/31/2006","601186343735570","10/22/2020","461","Discover","Munoz","Russell and Henson"
"Eden","Doyle","eden.doyle@gmail.com","345-155-1815","309 Pakec Stra","Yauco","Oklahoma","97204","171-18-2521","1/4/1976","558180418352711","8/6/2025","583","Discover","Bush PLC","Caregiver"
"Zoey","Brady","zoeyderanged@parchedmighty.com","491-428-6696","8 Ojir Orch","Fishers Island","Iowa","30340","651-36-0310","7/6/1968","557707886456772","7/21/2024","643","Discover","Webster-Odom","Guidance counselor"
"Theresa","Mcpherson","theresa.mcpherson@expensivewide.com","152-851-8952","979 Usowpe Spg","Hasbrouck Heights","Utah","15227","411-49-1811","1/6/1991","601103481856056","4/27/2024","180","Discover","Bright","Petty and Morrison"
"Johnny","Curry","johnny.curry@hotmail.com","382-731-9023","1643 Moucku Bot","Miami","South Carolina","90053","222-68-8011","4/2/1988","375874072118527","1/18/2024","787","Discover","Lucero-Herring","Human resources assistant"
"Logan","Singh","logan.singh@yahoo.com","603-544-6565","3631 Upgiivja Burg","Harrodsburg","Wisconsin","10029","278-72-5556","6/30/1997","524732511206517","9/7/2022","757","Discover","Reilly PLC","Esthetician"
"Areli","Hammond","areli.hammond@outstandingstrong.com","934-470-9265","30668 Efguqcuhvuwa Commons","Mount Olive","Connecticut","10020","129-80-2214","9/9/1977","340718081337477","9/25/2022","003","Discover","Carrillo-Gallagher","Supply chain coordinator"
"Lisa","Blevins","lisa.blevins@yahoo.com","935-79-4750","57906 Opaxuc Bluffs","Heltonville","Maryland","85043","891-60-2521","2/27/1970","536832248730328","4/21/2022","355","Discover","Lynch Inc","Human resources consultant"
"London","Stout","london.stout@gmail.com","555-471-4101","655 Ahkekfusut Valley","Pleasant Mills","Illinois","15230","129-45-9303","12/7/1989","405653435400552","3/22/2020","438","Discover","Meyer","Mooney and Grimes"
"Paul","Mckee","paul.mckee@sulkymushy.com","549-854-8094","1643 Owsocbat Spurs","Paintsville","Virginia","50313","133-52-5538","12/6/1963","554166313343786","4/30/2025","513","Discover","Waters and Sons","Horticulturist"
"Cecelia","Johns","cecelia.johns@fewcrazy.com","585-539-8500","334 Yuqzirav Shoars","Henrico","Colorado","90019","495-62-0533","9/12/1970","375028638243426","4/19/2026","723","Discover","Powell","Maddox and Cortez"
"Lila","Walter","lila.walter@worriedprecious.com","187-24-4043","48540 Yisqabuqbiiw Motorway","Arlington","Vermont","10026","536-72-9493","9/12/2013","526386480106008","9/24/2023","748","Discover","Francis LLC","Electrical engineer"
"Keely","Morris","keely.morris@yahoo.com","114-212-9600","908 Wileskuxxinpo Spgs","Jones Mills","North Dakota","97224","537-27-6641","6/16/2003","523461148867070","11/29/2022","411","Discover","Murillo","Reed and Macias"
"Liliana","Rosales","liliana.rosales@gmail.com","359-904-5496","50441 Oyaj Spur","Apo","Massachusetts","68902","389-36-9104","11/6/1987","656354524738440","8/30/2026","125","Discover","Mckenzie Ltd","Store manager"
"Julien","Mata","julien.mata@embarrassedunable.com","371-155-1506","8568 Puzezi Ext","Milford","New Jersey","80215","294-32-5920","12/1/1964","370858720084323","7/6/2020","432","Discover","Boone-Braun","Virtual assistant"
"Jerome","Kaiser","jeromedoubtful@hissingswanky.com","343-32-5708","6160 Okkumodxanja Exts","Plumtree","North Dakota","44134","664-79-0545","4/16/2002","544200551558120","10/27/2025","164","Discover","Davenport","Green and Pham"
"Soren","Phillips","sorendusty@beautifulimportant.com","73-534-2969","15869 Qehex Valleys","Molena","Arkansas","72205","313-39-1569","11/3/1963","601157042606444","7/25/2020","715","Discover","Johns and Sons","Cosmetology instructor"
"Danna","Carroll","danna.carroll@succinctrampant.com","557-775-6666","120 Tehas Hllw","Cresskill","Arizona","2115","539-39-7139","11/14/1966","548182881463427","12/20/2020","381","Discover","Miranda PLC","Civil engineer"
